,name,company,year,Price,kms_driven,fuel_type
0,Ford Figo Duratec,Ford,2015,380000,35056,Petrol
1,Maruti Suzuki Wagon,Maruti,2016,380001,44000,Petrol
2,Hyundai Creta 1.6,Hyundai,2018,380002,42917,Petrol
3,Hyundai Venue -,Hyundai,2019,380003,16112,Petrol
4,Honda Jazz -,Honda,2017,380004,30988,Petrol
5,Hyundai i20 -,Hyundai,2013,380005,69163,Diesel
6,Maruti Suzuki Swift,Maruti,2015,380006,42859,Petrol
7,Toyota Corolla Altis,Toyota,2017,380007,34919,Petrol
8,Honda Amaze -,Honda,2013,380008,44940,Petrol
9,Hyundai Elite i20,Hyundai,2017,380009,13687,Petrol
10,Maruti Suzuki Alto,Maruti,2018,380010,29848,Petrol
11,Honda Jazz -,Honda,2018,380011,21426,Petrol
12,Maruti Suzuki Baleno,Maruti,2016,380012,68177,Diesel
13,Jeep Compass -,Jeep,2017,380013,70650,Diesel
14,Maruti Suzuki Alto,Maruti,2017,380014,25730,Petrol
15,Kia Seltos -,Kia,2019,380015,47096,Petrol
16,Toyota Innova 2.5,Toyota,2012,380016,131000,Diesel
17,Hyundai Elite i20,Hyundai,2016,380017,26000,Petrol
18,Hyundai Creta 1.6,Hyundai,2019,380018,58460,Diesel
19,Kia Seltos -,Kia,2020,380019,48000,Petrol
20,Maruti Suzuki Ciaz,Maruti,2017,380020,26600,Petrol
21,Ford EcoSport Titanium,Ford,2019,380021,36000,Petrol
22,Tata Nano Twist,Tata,2014,380022,39500,Petrol
23,Audi Q7 3.0,Audi,2011,380023,76000,Diesel
24,Ford Ecosport -,Ford,2017,380024,23698,Petrol
25,Hyundai Grand i10,Hyundai,2016,380025,37860,Petrol
26,Maruti Suzuki Swift,Maruti,2015,380026,91830,Petrol
27,Hyundai Elite i20,Hyundai,2019,380027,31172,Petrol
28,Toyota Yaris -,Toyota,2021,380028,3243,Petrol
29,Tata Nexon -,Tata,2020,380029,9616,Petrol
30,Maruti Suzuki Baleno,Maruti,2017,380030,30249,Petrol
31,Maruti Suzuki Baleno,Maruti,2019,380031,60875,Petrol
32,Maruti Suzuki Swift,Maruti,2017,380032,25740,Petrol
33,Ford Ecosport 1.0,Ford,2014,380033,38587,Petrol
34,Renault Triber -,Renault,2021,380034,3108,Petrol
35,Honda Amaze -,Honda,2016,380035,35353,Petrol
36,Hyundai EON Magna,Hyundai,2017,380036,34748,Petrol
37,Maruti Suzuki Alto,Maruti,2020,380037,2359,Petrol
38,Hyundai Creta S,Hyundai,2020,380038,17814,Diesel
39,Maruti Suzuki Baleno,Maruti,2018,380039,68934,Petrol
40,Hyundai i20 Asta,Hyundai,2014,380040,72600,Petrol
41,BMW 3 Series,BMW,2010,380041,81000,Diesel
42,Nissan Micra XV,Nissan,2012,380042,80000,Diesel
43,Toyota Glanza V,Toyota,2020,380043,12000,Petrol
44,Maruti Suzuki Swift,Maruti,2016,380044,6000,Petrol
45,Honda Brio S,Honda,2017,380045,56000,Petrol
46,Maruti Suzuki Wagon,Maruti,2017,380046,56000,Petrol
47,MG Motors Hector,MG,2020,380047,36000,Diesel
48,Maruti Suzuki Wagon,Maruti,2017,380048,15840,Petrol
49,Maruti Suzuki Baleno,Maruti,2018,380049,68934,Petrol
50,Maruti Suzuki Vitara,Maruti,2017,380050,32482,Diesel
51,Honda City -,Honda,2014,380051,113779,Diesel
52,Maruti Suzuki Wagon,Maruti,2017,380052,26150,Petrol
53,Mahindra XUV 500,Mahindra,2018,380053,34555,Diesel
54,Maruti Suzuki Baleno,Maruti,2018,380054,30880,Petrol
55,Hyundai i20 Asta,Hyundai,2013,380055,70423,Petrol
56,Hyundai Elite i20,Hyundai,2018,380056,30232,Diesel
57,Volkswagen Polo -,Volkswagen,2016,380057,50077,Petrol
58,Ford Ecosport -,Ford,2018,380058,18482,Diesel
59,Maruti Suzuki Baleno,Maruti,2018,380059,10246,Petrol
60,Maruti Suzuki Baleno,Maruti,2016,380060,25021,Petrol
61,Hyundai Elite i20,Hyundai,2014,380061,70646,Petrol
62,Maruti Suzuki Vitara,Maruti,2018,380062,45490,Diesel
63,Ford Ecosport -,Ford,2016,380063,53306,Diesel
64,Hyundai Creta 1.6,Hyundai,2019,380064,58460,Diesel
65,Hyundai Venue -,Hyundai,2019,380065,29000,Diesel
66,Volvo XC90 D5,Volvo,2016,380066,110000,Diesel
67,Mahindra XUV 500,Mahindra,2013,380067,95000,Diesel
68,Toyota Fortuner 3.0,Toyota,2012,380068,170000,Diesel
69,Honda Jazz VX,Honda,2013,380069,80000,Petrol
70,Hyundai i10 Asta,Hyundai,2011,380070,58000,Petrol
71,Tata Nexon XM,Tata,2019,380071,22000,Diesel
72,Hyundai Creta 1.6,Hyundai,2017,380072,69215,Petrol
73,Hyundai Verna 1.6,Hyundai,2018,380073,33340,Petrol
74,Renault Triber -,Renault,2019,380074,9783,Petrol
75,Hyundai Santro Sportz,Hyundai,2018,380075,15110,Petrol
76,Maruti Suzuki S,Maruti,2021,380076,3399,Petrol
77,Mahindra XUV 500,Mahindra,2013,380077,89310,Diesel
78,Maruti Suzuki Wagon,Maruti,2015,380078,53148,Petrol
79,Honda City VX,Honda,2015,380079,42020,Petrol
80,Maruti Suzuki Swift,Maruti,2013,380080,74594,Diesel
81,MG Motors Hector,MG,2021,380081,6110,Petrol
82,Hyundai Grand i10,Hyundai,2017,380082,24346,Petrol
83,Jeep Compass -,Jeep,2017,380083,65668,Diesel
84,Renault Kwid -,Renault,2018,380084,48644,Petrol
85,Toyota Innova Crysta,Toyota,2018,380085,36877,Diesel
86,Tata Nexon -,Tata,2018,380086,79673,Diesel
87,Maruti Suzuki Swift,Maruti,2014,380087,54352,Petrol
88,Tata Zest XMS,Tata,2016,380088,64000,Diesel
89,Ford Freestyle TITANIUM,Ford,2018,380089,54000,Diesel
90,Maruti Suzuki Swift,Maruti,2017,380090,40000,Petrol
91,Mahindra Xylo -,Mahindra,2015,380091,107000,Diesel
92,Mahindra Xylo -,Mahindra,2015,380092,107000,Diesel
93,BMW 5 Series,BMW,2011,380093,38000,Diesel
94,Hyundai i20 Magna,Hyundai,2010,380094,86000,Petrol
95,Jeep Compass Limited,Jeep,2021,380095,10000,Diesel
96,Maruti Suzuki Alto,Maruti,2017,380096,48658,Petrol
97,MG Motors Hector,MG,2020,380097,11998,Petrol
98,Maruti Suzuki Vitara,Maruti,2018,380098,32513,Diesel
99,Hyundai Grand i10,Hyundai,2016,380099,21372,Petrol
100,Volkswagen Vento -,Volkswagen,2017,380100,34178,Petrol
101,Kia Seltos -,Kia,2019,380101,20547,Petrol
102,Maruti Suzuki Baleno,Maruti,2016,380102,34731,Petrol
103,Hyundai Grand i10,Hyundai,2016,380103,30536,Petrol
104,MG Motors Hector,MG,2019,380104,10205,Diesel
105,Maruti Suzuki Wagon,Maruti,2017,380105,25483,Petrol
106,Toyota Corolla Altis,Toyota,2017,380106,39113,Petrol
107,Maruti Suzuki Ignis,Maruti,2017,380107,43152,Petrol
108,MG Motors Hector,MG,2020,380108,5325,Petrol
109,Ford Ecosport -,Ford,2018,380109,44705,Petrol
110,Toyota Etios -,Toyota,2011,380110,70022,Petrol
111,Maruti Suzuki Celerio,Maruti,2017,380111,47435,Petrol
112,Volkswagen Polo HIGHLINE1.2L,Volkswagen,2010,380112,89000,Petrol
113,Mahindra Thar DI,Mahindra,2021,380113,9826,Petrol
114,Ford EcoSport Trend,Ford,2017,380114,83000,Diesel
115,Honda City 1.5,Honda,2001,380115,195000,Petrol
116,Toyota Innova Crysta,Toyota,2019,380116,35000,Diesel
117,Hyundai Verna 1.6,Hyundai,2022,380117,13000,Petrol
118,Mahindra e2o T2,Mahindra,2016,380118,46000, Electric 
119,Toyota Fortuner 4x4,Toyota,2015,380119,72000,Diesel
120,Hyundai Xcent -,Hyundai,2016,380120,29026,Petrol
121,Hyundai Creta 1.6,Hyundai,2015,380121,59258,Petrol
122,Mahindra XUV 500,Mahindra,2014,380122,120399,Diesel
123,Maruti Suzuki Vitara,Maruti,2018,380123,28853,Diesel
124,Honda City -,Honda,2020,380124,9811,Petrol
125,Hyundai i20 Active,Hyundai,2015,380125,43538,Petrol
126,Hyundai Creta -,Hyundai,2017,380126,66400,Petrol
127,Maruti Suzuki S,Maruti,2017,380127,59341,Diesel
128,Hyundai Creta -,Hyundai,2016,380128,56246,Petrol
129,Honda Amaze -,Honda,2014,380129,35944,Petrol
130,Honda WR V,Honda,2018,380130,17699,Petrol
131,Maruti Suzuki Wagon,Maruti,2017,380131,41065,Petrol
132,Renault Kwid -,Renault,2019,380132,2311,Petrol
133,Hyundai Grand i10,Hyundai,2018,380133,2991,Petrol
134,Hyundai Grand i10,Hyundai,2015,380134,29762,Petrol
135,Skoda Rapid -,Skoda,2016,380135,91917,Diesel
136,Maruti Suzuki Swift,Maruti,2014,380136,0,Diesel
137,Toyota Fortuner 3.0,Toyota,2012,380137,131000,Diesel
138,Maruti Suzuki 800,Maruti,2000,380138,85000,Petrol
139,Tata Nano -,Tata,2011,380139,37000,Petrol
140,Tata Indica -,Tata,2011,380140,67000,Diesel
141,Audi Q7 3.0,Audi,2013,380141,120000,Diesel
142,Jaguar XJ L,Jaguar,2016,380142,71000,Diesel
143,Mercedes Benz GL,Mercedes,2016,380143,105000,Diesel
144,Renault Kwid -,Renault,2019,380144,2311,Petrol
145,Maruti Suzuki Dzire,Maruti,2018,380145,30771,Petrol
146,Hyundai Santro Sportz,Hyundai,2018,380146,29488,Petrol
147,Renault Kwid -,Renault,2019,380147,36559,Petrol
148,Honda WR V,Honda,2018,380148,38242,Diesel
149,Maruti Suzuki Ignis,Maruti,2017,380149,66426,Petrol
150,Volkswagen Polo -,Volkswagen,2018,380150,16950,Petrol
151,Maruti Suzuki Baleno,Maruti,2016,380151,18866,Petrol
152,Maruti Suzuki Swift,Maruti,2017,380152,53245,Diesel
153,Hyundai Verna -,Hyundai,2016,380153,44543,Petrol
154,Maruti Suzuki S,Maruti,2018,380154,50128,Diesel
155,Maruti Suzuki S,Maruti,2018,380155,56349,Diesel
156,Maruti Suzuki S,Maruti,2017,380156,69524,Diesel
157,Volkswagen Polo -,Volkswagen,2017,380157,41218,Petrol
158,Maruti Suzuki Baleno,Maruti,2020,380158,9085,Petrol
159,MG Motors Hector,MG,2019,380159,11292,Diesel
160,Mercedes Benz C,Mercedes,2011,380160,75000,Diesel
161,Hyundai Creta 1.6,Hyundai,2018,380161,28000,Diesel
162,Skoda Rapid Style,Skoda,2018,380162,48000,Diesel
163,Maruti Suzuki Ertiga,Maruti,2017,380163,51000,Diesel
164,Hyundai Grand i10,Hyundai,2020,380164,24990,Petrol
165,Maruti Suzuki Ertiga,Maruti,2015,380165,48600,Diesel
166,Maruti Suzuki Alto,Maruti,2019,380166,3600,Petrol
167,Tata Indigo eCS,Tata,2012,380167,115000,Diesel
168,Maruti Suzuki Dzire,Maruti,2019,380168,29594,Petrol
169,Honda City VX,Honda,2015,380169,55953,Petrol
170,Maruti Suzuki Alto,Maruti,2016,380170,16980,Petrol
171,Ford Ecosport -,Ford,2016,380171,41828,Diesel
172,Maruti Suzuki S,Maruti,2018,380172,64803,Diesel
173,Maruti Suzuki Ertiga,Maruti,2018,380173,44460,Diesel
174,Tata Nexon -,Tata,2018,380174,14276,Diesel
175,Maruti Suzuki Wagon,Maruti,2019,380175,23425,Petrol
176,Maruti Suzuki Alto,Maruti,2018,380176,23056,Petrol
177,Hyundai Elite i20,Hyundai,2019,380177,16102,Petrol
178,Maruti Suzuki Vitara,Maruti,2019,380178,56615,Diesel
179,Mahindra TUV300 -,Mahindra,2015,380179,70317,Diesel
180,MG Motors Hector,MG,2020,380180,6760,Petrol
181,MG Motors Hector,MG,2020,380181,8870,Petrol
182,Maruti Suzuki Baleno,Maruti,2016,380182,78209,Petrol
183,Volkswagen Vento -,Volkswagen,2015,380183,64292,Petrol
184,Toyota Innova Crysta,Toyota,2020,380184,57000,Diesel
185,Toyota Fortuner -,Toyota,2019,380185,42000,Diesel
186,Toyota Innova 2.5,Toyota,2011,380186,141000,Diesel
187,Ssangyong Rexton RX7,Ssangyong,2017,380187,82000,Diesel
188,Toyota Fortuner 3.0,Toyota,2012,380188,117000,Diesel
189,Mahindra TUV300 T8,Mahindra,2015,380189,70000,Diesel
190,Hyundai i20 Magna,Hyundai,2011,380190,89450,Diesel
191,Maruti Suzuki Ertiga,Maruti,2020,380191,29000,Petrol
192,Maruti Suzuki Alto,Maruti,2015,380192,58771,Petrol
193,Maruti Suzuki Alto,Maruti,2016,380193,53266,Petrol
194,Honda Amaze -,Honda,2019,380194,9200,Petrol
195,Ford Ecosport -,Ford,2014,380195,61721,Petrol
196,Hyundai Grand i10,Hyundai,2017,380196,18333,Petrol
197,Ford Ecosport -,Ford,2019,380197,51780,Petrol
198,Maruti Suzuki Baleno,Maruti,2018,380198,30854,Petrol
199,Ford Ecosport -,Ford,2017,380199,24680,Petrol
200,Volkswagen Vento -,Volkswagen,2015,380200,85663,Petrol
201,Mahindra Bolero -,Mahindra,2021,380201,20541,Diesel
202,Hyundai i20 Magna,Hyundai,2010,380202,64182,Petrol
203,Maruti Suzuki S,Maruti,2017,380203,58819,Diesel
204,Maruti Suzuki Wagon,Maruti,2019,380204,32057,Petrol
205,Jeep Compass -,Jeep,2018,380205,18403,Petrol
206,Maruti Suzuki Alto,Maruti,2018,380206,7877,Petrol
207,Hyundai Verna 1.6,Hyundai,2018,380207,15509,Petrol
208,Honda Jazz VX,Honda,2018,380208,15000,Petrol
209,Maruti Suzuki Ignis,Maruti,2017,380209,75000,Diesel
210,Hyundai i10 Magna,Hyundai,2008,380210,62000,Petrol
211,Hyundai Creta 1.6,Hyundai,2018,380211,134500,Diesel
212,Toyota Fortuner 3.0,Toyota,2012,380212,63896,Diesel
213,Mahindra Scorpio -,Mahindra,2005,380213,90000,Diesel
214,Maruti Suzuki Alto,Maruti,2007,380214,58000,Petrol
215,Ford Ikon -,Ford,2008,380215,85000,Diesel
216,Maruti Suzuki Baleno,Maruti,2016,380216,48329,Petrol
217,Renault Kwid RXT,Renault,2019,380217,21301,Petrol
218,Maruti Suzuki Vitara,Maruti,2019,380218,34566,Diesel
219,Renault Kwid -,Renault,2018,380219,34297,Petrol
220,Tata Hexa -,Tata,2017,380220,119571,Diesel
221,Maruti Suzuki Alto,Maruti,2018,380221,27957,Petrol
222,Ford Ecosport -,Ford,2018,380222,27210,Petrol
223,Maruti Suzuki Swift,Maruti,2014,380223,21610,Petrol
224,Maruti Suzuki Baleno,Maruti,2017,380224,40902,Petrol
225,Maruti Suzuki Alto,Maruti,2015,380225,11057,Petrol
226,Maruti Suzuki Baleno,Maruti,2016,380226,72505,Petrol
227,Hyundai Creta -,Hyundai,2018,380227,31338,Petrol
228,Maruti Suzuki Alto,Maruti,2016,380228,28674,Petrol
229,Hyundai Elite i20,Hyundai,2018,380229,25416,Petrol
230,Hyundai Grand i10,Hyundai,2016,380230,14765,Petrol
231,Toyota Etios -,Toyota,2015,380231,60380,Diesel
232,Hyundai Santro -,Hyundai,2001,380232,85000,Petrol
233,Hyundai Getz -,Hyundai,2006,380233,73000,Petrol
234,Hyundai Santro Xing,Hyundai,2004,380234,85000,Petrol
235,Hyundai Santro -,Hyundai,2002,380235,85000,Petrol
236,Ford Figo -,Ford,2012,380236,86000,Diesel
237,Toyota Fortuner 2.8,Toyota,2019,380237,55000,Diesel
238,Mahindra Bolero ZLX,Mahindra,2018,380238,79950,Diesel
239,Fiat Linea Emotion,Fiat,2009,380239,75000,Diesel
240,Maruti Suzuki Baleno,Maruti,2018,380240,19775,Petrol
241,Tata Tiago -,Tata,2018,380241,28495,Petrol
242,Hyundai Creta -,Hyundai,2020,380242,28344,Diesel
243,Toyota Glanza -,Toyota,2020,380243,10801,Petrol
244,Tata Nexon -,Tata,2019,380244,4365,Petrol
245,Maruti Suzuki Celerio,Maruti,2016,380245,53266,Diesel
246,Maruti Suzuki S,Maruti,2018,380246,50866,Diesel
247,Maruti Suzuki Alto,Maruti,2019,380247,24230,Petrol
248,Maruti Suzuki Baleno,Maruti,2016,380248,64275,Petrol
249,Hyundai Venue -,Hyundai,2019,380249,8924,Petrol
250,MG Motors Hector,MG,2021,380250,12208,Petrol
251,Honda City V,Honda,2018,380251,26956,Petrol
252,Hyundai Grand i10,Hyundai,2017,380252,12223,Petrol
253,Hyundai Grand i10,Hyundai,2016,380253,23960,Petrol
254,Maruti Suzuki Wagon,Maruti,2015,380254,33687,Petrol
255,MG Motors Hector,MG,2020,380255,24887,Petrol
256,Toyota Innova 2.5,Toyota,2013,380256,74000,Diesel
257,Nissan Micra XE,Nissan,2011,380257,40000,Petrol
258,Hyundai Creta 1.6,Hyundai,2020,380258,45000,Diesel
259,Maruti Suzuki Swift,Maruti,2018,380259,41000,Diesel
260,Hyundai Grand i10,Hyundai,2014,380260,52000,Petrol
261,BMW 3 Series,BMW,2015,380261,61000,Diesel
262,Jaguar XF 2.2,Jaguar,2014,380262,20000,Diesel
263,Hyundai Verna Fluidic,Hyundai,2015,380263,26000,Petrol
264,Hyundai Grand i10,Hyundai,2015,380264,71423,Petrol
265,Hyundai Grand i10,Hyundai,2015,380265,34095,Petrol
266,Maruti Suzuki Wagon,Maruti,2016,380266,32658,Petrol
267,Maruti Suzuki Ignis,Maruti,2017,380267,33166,Petrol
268,Maruti Suzuki Wagon,Maruti,2014,380268,31284,Petrol
269,Maruti Suzuki Wagon,Maruti,2015,380269,66090,Petrol
270,Ford Ecosport -,Ford,2016,380270,51295,Petrol
271,Maruti Suzuki Baleno,Maruti,2016,380271,48693,Petrol
272,Maruti Suzuki Ciaz,Maruti,2017,380272,36626,Diesel
273,Renault Duster -,Renault,2016,380273,55752,Diesel
274,Tata Tigor -,Tata,2017,380274,49341,Diesel
275,Maruti Suzuki Alto,Maruti,2015,380275,60251,Petrol
276,Maruti Suzuki Alto,Maruti,2015,380276,22269,Petrol
277,Volkswagen Ameo -,Volkswagen,2016,380277,38999,Petrol
278,Maruti Suzuki Vitara,Maruti,2019,380278,29110,Diesel
279,Hyundai Creta -,Hyundai,2020,380279,14506,Petrol
280,Chevrolet Beat LT,Chevrolet,2010,380280,55000,Petrol
281,Tata Hexa XM,Tata,2018,380281,60000,Diesel
282,Toyota Corolla H5,Toyota,2006,380282,80000,Petrol
283,Maruti Suzuki Maruti,Maruti,2005,380283,108252,Petrol
284,Maruti Suzuki Wagon,Maruti,2014,380284,36000,Petrol
285,Hyundai Xcent 1.2,Hyundai,2016,380285,95000,Diesel
286,Ford Figo 1.5,Ford,2010,380286,88000,Diesel
287,Maruti Suzuki Wagon,Maruti,2014,380287,60000,Petrol
288,Hyundai Creta -,Hyundai,2020,380288,14506,Petrol
289,Maruti Suzuki S,Maruti,2017,380289,29115,Diesel
290,Maruti Suzuki Baleno,Maruti,2017,380290,34763,Petrol
291,Maruti Suzuki Ciaz,Maruti,2015,380291,12500,Diesel
292,Maruti Suzuki Baleno,Maruti,2017,380292,85000,Petrol
293,Hyundai Grand i10,Hyundai,2016,380293,40000,Petrol
294,Hyundai Verna 1.6,Hyundai,2014,380294,71000,Petrol
295,Maruti Suzuki Baleno,Maruti,2017,380295,44000,Petrol
296,Toyota Innova 2.0,Toyota,2009,380296,124000,Diesel
297,Maruti Suzuki Wagon,Maruti,2012,380297,78000, CNG
298,Renault Kwid CLIMBER,Renault,2017,463099,44696,Petrol
299,Maruti Suzuki Alto,Maruti,2018,350599,33004,Petrol
300,Hyundai Verna Fluidic,Hyundai,2016,636299,46034,Petrol
301,Hyundai Grand i10,Hyundai,2020,698199,60307,Petrol
302,Hyundai Grand i10,Hyundai,2021,764199,8825,Petrol
303,Maruti Suzuki Celerio,Maruti,2019,524799,5743,Petrol
304,Ford EcoSport Ambiente,Ford,2013,420000,87000,Diesel
305,Kia Seltos GTX,Kia,2020,1831000,19500,Petrol
306,Chevrolet Beat LS,Chevrolet,2010,210000,60000,Petrol
307,Volkswagen Vento Highline,Volkswagen,2013,465000,70000,Petrol
308,Audi Q7 35,Audi,2017,2250000,65000,Diesel
309,Maruti Suzuki Ertiga,Maruti,2020,1090000,35623,Petrol
310,Toyota Innova -,Toyota,2005,375000,160000,Petrol
311,Hyundai i20 Sportz,Hyundai,2009,225000,98500,Petrol
312,Maruti Suzuki Celerio,Maruti,2019,524799,5743,Petrol
313,Maruti Suzuki Eeco,Maruti,2019,493899,25735,Petrol
314,Hyundai Elite i20,Hyundai,2019,825299,37522,Petrol
315,Maruti Suzuki Wagon,Maruti,2018,495499,38955,Petrol
316,Datsun Redi GO,Datsun,2017, For Price,40664,Petrol
317,Hyundai Eon Era,Hyundai,2014,277599,65308,Petrol
318,Maruti Suzuki Wagon,Maruti,2017,473899,30467,Petrol
319,Hyundai Venue S,Hyundai,2019,855299,1954,Petrol
320,Hyundai Santro 1.1,Hyundai,2019,540299,35220,Petrol
321,Hyundai Elite i20,Hyundai,2016,642899,75876,Petrol
322,Maruti Suzuki Alto,Maruti,2021,442299,27020,Petrol
323,Renault Triber 1.0,Renault,2019,725399,13739,Petrol
324,Maruti Suzuki Wagon,Maruti,2019,558299,21544,Petrol
325,Maruti Suzuki Alto,Maruti,2016,354299,13816,Petrol
326,Hyundai Elite i20,Hyundai,2016,673599,23817,Petrol
327,Hyundai Grand i10,Hyundai,2017,525099,60985,Petrol
328,Hyundai Verna SX,Hyundai,2012,525000,80000,Diesel
329,Volkswagen Polo Comfortline,Volkswagen,2018,675000,30123,Petrol
330,Renault Kwid RXT,Renault,2016,325000,67000,Petrol
331,Renault Triber RXT,Renault,2020,645000,26123,Petrol
332,Maruti Suzuki Ertiga,Maruti,2017,785000,60123,Petrol
333,Mahindra TUV300 T8,Mahindra,2016,690000,52123,Diesel
334,Maruti Suzuki Celerio,Maruti,2018,425000,11123,Petrol
335,Hyundai Elite i20,Hyundai,2019,645000,41233,Petrol
336,Maruti Suzuki Swift,Maruti,2016,529699,50141,Petrol
337,Maruti Suzuki Ertiga,Maruti,2018,1081899,86033,Diesel
338,Fiat Linea Dynamic,Fiat,2012,256000,30000,Petrol
339,Honda City ZX,Honda,2008,290000,86924,Petrol
340,Volkswagen Polo GT,Volkswagen,2016,735000,68870,Petrol
341,Maruti Suzuki XL6,Maruti,2019,1244799,22292,Petrol
342,Honda Amaze -,Honda,2014,474399,44013,Petrol
343,Maruti Suzuki Wagon,Maruti,2016,389399,96250,Petrol
344,Maruti Suzuki Swift,Maruti,2017,562399,59839,Petrol
345,Hyundai Grand i10,Hyundai,2015,446699,49693,Petrol
346,Renault Kwid RXT,Renault,2017,439999,22223,Petrol
347,Honda Amaze -,Honda,2021,918999,8030,Petrol
348,Volkswagen Polo -,Volkswagen,2016,815799,38780,Petrol
349,Maruti Suzuki Vitara,Maruti,2018,896799,31919,Diesel
350,Hyundai i10 Sportz,Hyundai,2015,411399,47564,Petrol
351,Hyundai Grand i10,Hyundai,2013,498999,42836,Petrol
352,Renault Kwid RXT,Renault,2020,470000,6000,Petrol
353,Tata Indica -,Tata,2007,69000,85000,Diesel
354,Mahindra TUV300 T8,Mahindra,2018,925000,27000,Diesel
355,Mahindra Scorpio LX,Mahindra,2013,495000,690000,Diesel
356,Skoda Rapid 1.5,Skoda,2013, For Price,145000,Diesel
357,Maruti Suzuki Ertiga,Maruti,2020,1090000,35000,Petrol
358,Toyota Etios Liva,Toyota,2013,300000,135000,Diesel
359,Tata Aria Prestige,Tata,2012,450000,115000,Diesel
360,Ford Figo -,Ford,2015,357999,50488,Petrol
361,Maruti Suzuki Ignis,Maruti,2018,462599,12916,Petrol
362,Hyundai Elite i20,Hyundai,2016,695199,30731,Petrol
363,Maruti Suzuki Eeco,Maruti,2019,490399,8825,Petrol
364,Renault Kwid RxL,Renault,2016,340099,21627,Petrol
365,Maruti Suzuki Ertiga,Maruti,2020,997899,5580,Petrol
366,Hyundai i10 Sportz,Hyundai,2013,351599,41371,Petrol
367,Maruti Suzuki Swift,Maruti,2016,603799,42313,Petrol
368,Hyundai Elite i20,Hyundai,2016,599799,74913,Petrol
369,Maruti Suzuki Wagon,Maruti,2018,456099,74760,Petrol
370,Ford Ecosport -,Ford,2019,993699,34045,Diesel
371,Maruti Suzuki Ritz,Maruti,2010,312299,143147,Petrol
372,Hyundai Venue -,Hyundai,2019,1221799,28149,Petrol
373,Maruti Suzuki Swift,Maruti,2015,522999,38049,Petrol
374,Hyundai EON Magna,Hyundai,2014,323399,78895,Petrol
375,Hyundai Grand i10,Hyundai,2015,510799,27027,Petrol
376,Mahindra XUV 500,Mahindra,2013,750000,66000,Diesel
377,Hyundai Getz GLS,Hyundai,2005,155000,82000,Petrol
378,Maruti Suzuki Swift,Maruti,2011,350000,57000,Petrol
379,Honda Amaze 1.5,Honda,2014,410000,71000,Diesel
380,Hyundai Eon Era,Hyundai,2014,275000,47000, CNG
381,Hyundai Grand i10,Hyundai,2017,465000,37000,Petrol
382,Maruti Suzuki Zen,Maruti,2007,145000,73000,Petrol
383,Hyundai Getz GLS,Hyundai,2007,165000,82650,Petrol
384,Maruti Suzuki Vitara,Maruti,2020,910799,23940,Petrol
385,Renault Captur -,Renault,2018,722899,26678,Petrol
386,Honda WR V,Honda,2018,809499,41342,Diesel
387,Maruti Suzuki Alto,Maruti,2013,297399,59614,Petrol
388,Maruti Suzuki Alto,Maruti,2016,411999,39550,Petrol
389,Renault Triber -,Renault,2019,623399,28621,Petrol
390,Honda Brio -,Honda,2013,372399,60437,Petrol
391,Maruti Suzuki Wagon,Maruti,2018,518099,26598,Petrol
392,Honda Amaze -,Honda,2015,485599,62723,Petrol
393,Maruti Suzuki Baleno,Maruti,2017,636899,21145,Petrol
394,Hyundai Grand i10,Hyundai,2013,396999,48699,Petrol
395,Ford Ecosport -,Ford,2019,980399,10102,Petrol
396,Maruti Suzuki Baleno,Maruti,2017,658999,34881,Petrol
397,Hyundai EON D,Hyundai,2015,304099,53997,Petrol
398,Maruti Suzuki Alto,Maruti,2015,362599,49076,Petrol
399,Maruti Suzuki Alto,Maruti,2014,344199,65951,Petrol
400,Maruti Suzuki Swift,Maruti,2007,215000,116000,Petrol
401,Skoda Rapid 1.5,Skoda,2015,550000,136000,Diesel
402,Renault Duster 110PS,Renault,2013,550000,85000,Diesel
403,Hyundai Santro -,Hyundai,2002,89000,85000,Petrol
404,Maruti Suzuki Alto,Maruti,2001,79000,85000,Petrol
405,Chevrolet Aveo -,Chevrolet,2007,67000,63000,Petrol
406,Ford Ikon -,Ford,2009,59000,73000,Petrol
407,Maruti Suzuki Wagon,Maruti,2007,69000,85000,Petrol
408,Maruti Suzuki Alto,Maruti,2017,462399,15032,Petrol
409,Maruti Suzuki Alto,Maruti,2017,319999,15575,Petrol
410,Maruti Suzuki Swift,Maruti,2010,275699,147819,Diesel
411,Hyundai Grand i10,Hyundai,2016,501599,35203,Petrol
412,Maruti Suzuki Eeco,Maruti,2020,506599,7597,Petrol
413,Mahindra Scorpio S5,Mahindra,2018,1198599,34883,Diesel
414,Ford Ecosport -,Ford,2017,775499,59580,Diesel
415,Maruti Suzuki Ritz,Maruti,2011,338999,49647,Petrol
416,Hyundai Verna Fluidic,Hyundai,2016,652699,67577,Petrol
417,Tata Tiago -,Tata,2017,535899,10890,Petrol
418,Maruti Suzuki Swift,Maruti,2015,492099,57444,Petrol
419,Honda City -,Honda,2017,885999,33598,Petrol
420,Ford Freestyle -,Ford,2018,694899,17804,Petrol
421,Maruti Suzuki Swift,Maruti,2013,450599,62613,Petrol
422,Hyundai i20 Asta,Hyundai,2010,377999,56974,Petrol
423,Datsun Redi GO,Datsun,2021,491499,1405,Petrol
424,Maruti Suzuki Omni,Maruti,2008,89000,85000,Petrol
425,Hyundai Creta 1.6,Hyundai,2020,1865000,8000,Petrol
426,Datsun GO T,Datsun,2014,235000,29000,Petrol
427,Mahindra Bolero B6,Mahindra,2020,1025000,22000,Diesel
428,Volkswagen Polo GT,Volkswagen,2014,450000,118000,Petrol
429,Hyundai Creta 1.6,Hyundai,2020,1575000,23000,Diesel
430,Maruti Suzuki Swift,Maruti,2018,695000,34000,Diesel
431,Honda Civic 1.8V,Honda,2008,295000,87000,Petrol
432,Hyundai Verna -,Hyundai,2018,1171199,36965,Petrol
433,Honda WR V,Honda,2017,625699,25526,Petrol
434,Hyundai Grand i10,Hyundai,2016,453199,20235,Petrol
435,Maruti Suzuki Vitara,Maruti,2018,850499,61064,Diesel
436,Maruti Suzuki Ignis,Maruti,2018,548699,12558,Petrol
437,Maruti Suzuki Alto,Maruti,2019,498799,14179,Petrol
438,Honda City VX,Honda,2020,1377199,20379,Petrol
439,Ford Ecosport -,Ford,2017,772799,42837,Petrol
440,Hyundai Elite i20,Hyundai,2016,572599,67473,Petrol
441,Honda City V,Honda,2016,774899,27576,Petrol
442,Maruti Suzuki S,Maruti,2017,885099,80900,Diesel
443,Hyundai Elite i20,Hyundai,2017,687499,100934,Diesel
444,Hyundai Elite i20,Hyundai,2015,567799,29060,Petrol
445,Hyundai i10 Magna,Hyundai,2016,398499,36129,Petrol
446,Maruti Suzuki Swift,Maruti,2011,348499,156442,Diesel
447,Maruti Suzuki Wagon,Maruti,2018,520899,48710,Petrol
448,Ford FigoDiesel,Ford,2012,225000,80000,Diesel
449,Honda City SV,Honda,2015,725000,57000,Petrol
450,Honda CRV -,Honda,2004,240000,97000,LPG
451,Honda Amaze 1.2,Honda,2013,425000,44000,Petrol
452,Maruti Suzuki Swift,Maruti,2015,500000,57000,Petrol
453,Maruti Suzuki Swift,Maruti,2008,250000,77000,Petrol
454,Maruti Suzuki Ritz,Maruti,2013,360000,81000,Petrol
455,Hyundai Creta 1.6,Hyundai,2016,975000,41000,Petrol
456,Ford Ecosport -,Ford,2018,916799,20619,Petrol
457,Maruti Suzuki Wagon,Maruti,2018,480999,51149,Petrol
458,Tata Nexon -,Tata,2020,1043299,12978,Petrol
459,Honda City V,Honda,2016,787399,40025,Petrol
460,Hyundai Grand i10,Hyundai,2016,501599,63075,Petrol
461,Honda Brio -,Honda,2012,362999,78724,Petrol
462,Renault Kwid -,Renault,2018,403199,12257,Petrol
463,Hyundai Venue -,Hyundai,2019,1022599,26890,Diesel
464,Nissan Micra Active,Nissan,2018,483199,20485,Petrol
465,Hyundai EON Era,Hyundai,2017,321399,69220,Petrol
466,Maruti Suzuki Alto,Maruti,2017,307999,41900,Petrol
467,Maruti Suzuki Eeco,Maruti,2019,478599,11944,Petrol
468,Maruti Suzuki Wagon,Maruti,2015,405199,66143,Petrol
469,Maruti Suzuki Alto,Maruti,2018,314999,16563,Petrol
470,Hyundai Elite i20,Hyundai,2016,684599,14460,Petrol
471,Maruti Suzuki Alto,Maruti,2018,413099,47120,Petrol
472,Chevrolet Cruze LTZ,Chevrolet,2011,345000,115000,Diesel
473,Renault Scala RxZ,Renault,2013,385000,79200,Diesel
474,Hyundai Verna 1.6,Hyundai,2016,690000,48877,Diesel
475,Honda WRV VX,Honda,2019,825000,32000,Petrol
476,Toyota Corolla Altis,Toyota,2018,1425000,51000,Petrol
477,Maruti Suzuki Alto,Maruti,2014,295000,56000,Petrol
478,Tata Tiago Revotorq,Tata,2022,700000,14000,Petrol
479,Chevrolet Aveo -,Chevrolet,2006,69000,79000,Petrol
480,Maruti Suzuki Swift,Maruti,2016,501199,147960,Diesel
481,Maruti Suzuki Wagon,Maruti,2014,357399,38766,Petrol
482,Maruti Suzuki Eeco,Maruti,2019,494199,8409,Petrol
483,Renault Kwid RxL,Renault,2019,424099,20718,Petrol
484,Maruti Suzuki Baleno,Maruti,2017,598299,51125,Petrol
485,Hyundai Grand i10,Hyundai,2014,477599,64459,Petrol
486,Maruti Suzuki Swift,Maruti,2014,447599,29467,Petrol
487,Tata Nexon -,Tata,2017,703999,18019,Petrol
488,Maruti Suzuki Celerio,Maruti,2016,416099,40710,Petrol
489,Maruti Suzuki S,Maruti,2021,559099,1956,Petrol
490,Renault Kwid -,Renault,2017,463099,44696,Petrol
491,Hyundai Grand i10,Hyundai,2018,527099,21531,Petrol
492,Kia Seltos -,Kia,2019,1517999,20989,Petrol
493,Hyundai i20 -,Hyundai,2013,431099,33901,Petrol
494,Hyundai Grand i10,Hyundai,2018,539799,54696,Petrol
495,MG Motors Hector,MG,2019,1800299,11292,Diesel
496,Renault Duster 110,Renault,2020,1025000,14000,Diesel
497,Mahindra Logan -,Mahindra,2007,129000,97000,Diesel
498,Tata Indigo CS,Tata,2007,79000,85000,Diesel
499,Ford EcoSport Trend,Ford,2014,525000,50000,Diesel
500,Honda Jazz VX,Honda,2016,565000,53000,Petrol
501,Maruti Suzuki Wagon,Maruti,2016,435000,27000,Petrol
502,Maruti Suzuki Wagon,Maruti,2016,425000,52000,Petrol
503,Honda City ZX,Honda,2007,250000,149000,Petrol
504,Hyundai Grand i10,Hyundai,2017,616599,27317,Petrol
505,Hyundai Xcent -,Hyundai,2014,466599,79784,Petrol
506,Audi Q3 -,Audi,2015,1656999,73656,Diesel
507,Tata Tiago -,Tata,2018,562999,27664,Petrol
508,Hyundai Verna FLUIDIC,Hyundai,2012,488899,41898,Petrol
509,Maruti Suzuki S,Maruti,2021,514599,4889,Petrol
510,Hyundai Grand i10,Hyundai,2015,495299,39836,Petrol
511,Honda Jazz -,Honda,2016,752399,16108,Petrol
512,Hyundai Grand i10,Hyundai,2015,474799,46111,Petrol
513,Maruti Suzuki Ciaz,Maruti,2018,849599,23761,Petrol
514,Maruti Suzuki S,Maruti,2016,663199,146782,Diesel
515,Hyundai Grand i10,Hyundai,2016,566699,26597,Petrol
516,Maruti Suzuki Eeco,Maruti,2018,471199,12323,Petrol
517,Renault Kwid RXL,Renault,2017,385499,3230,Petrol
518,Maruti Suzuki Swift,Maruti,2016,491599,62059,Petrol
519,Maruti Suzuki Baleno,Maruti,2019,725699,28188,Petrol
520,Maruti Suzuki Wagon,Maruti,2013,350000,55000,Petrol
521,Maruti Suzuki SX4,Maruti,2009,210000,79000,Petrol
522,Tata Tiago XZA,Tata,2017,460000,55000,Petrol
523,BMW 5 Series,BMW,2010,990000,49000,Petrol
524,Tata Indica Vista,Tata,2009,190000,56000,Petrol
525,Maruti Suzuki Ertiga,Maruti,2014,625000,83000,Petrol
526,Maruti Suzuki Baleno,Maruti,2016,590000,39226,Petrol
527,Maruti Suzuki Swift,Maruti,2019,740000,33901,Petrol
528,Hyundai Grand i10,Hyundai,2019,640099,32877,Petrol
529,Maruti Suzuki Ignis,Maruti,2019,575099,17283,Petrol
530,Maruti Suzuki Ertiga,Maruti,2018,1081899,86033,Diesel
531,Volkswagen Polo -,Volkswagen,2018,726399,17419,Petrol
532,Maruti Suzuki Eeco,Maruti,2019,480399,24416,Petrol
533,Renault Kwid RxL,Renault,2017,369599,26700,Petrol
534,Maruti Suzuki Swift,Maruti,2014,451399,28979,Petrol
535,Maruti Suzuki Eeco,Maruti,2019,494099,27150,Petrol
536,Ford EcoSport -,Ford,2020,1240899,3195,Petrol
537,Hyundai Eon Era,Hyundai,2013,286199,26761,Petrol
538,Hyundai Grand i10,Hyundai,2017,509399,71992,Petrol
539,Maruti Suzuki Alto,Maruti,2016,378099,27239,Petrol
540,Honda Jazz -,Honda,2016,586699,36244,Petrol
541,Maruti Suzuki Vitara,Maruti,2019,906899,69807,Diesel
542,Maruti Suzuki Vitara,Maruti,2019,882199,31803,Diesel
543,Honda Jazz -,Honda,2015,507999,92373,Petrol
544,Toyota Etios GD,Toyota,2013,240000,200000,Diesel
545,Ford EcoSport Titanium,Ford,2016,825000,46000,Diesel
546,Hyundai Creta 1.6,Hyundai,2017, For Price,72000,Diesel
547,Toyota Innova 2.5,Toyota,2011,845000,179000,Diesel
548,Hyundai Grand i10,Hyundai,2016,475000,59000,Petrol
549,Hyundai Creta 1.6,Hyundai,2017,1325000,72000,Diesel
550,Hyundai Creta 1.6,Hyundai,2017,1245000,56000,Diesel
551,Mahindra XUV 500,Mahindra,2014,975000,87000,Diesel
552,Maruti Suzuki Vitara,Maruti,2016,782999,59612,Diesel
553,Ford Ecosport -,Ford,2014,623399,30212,Petrol
554,Maruti Suzuki Ignis,Maruti,2018,548699,18113,Petrol
555,Maruti Suzuki Alto,Maruti,2018,397099,48435,Petrol
556,Maruti Suzuki Wagon,Maruti,2015,392099,29297,Petrol
557,Maruti Suzuki Wagon,Maruti,2012,354599,53525,Petrol
558,Honda Amaze -,Honda,2018,719599,15890,Petrol
559,Honda WR V,Honda,2019,834099,31694,Petrol
560,Maruti Suzuki Alto,Maruti,2017,365899,36279,Petrol
561,Hyundai i10 Sportz,Hyundai,2015,400899,33349,Petrol
562,Toyota Etios Liva,Toyota,2012,320199,103182,Petrol
563,Hyundai Xcent S,Hyundai,2016,457399,63048,Petrol
564,Maruti Suzuki Baleno,Maruti,2017,717699,26358,Petrol
565,Maruti Suzuki Wagon,Maruti,2017,417299,18932,Petrol
566,Maruti Suzuki Alto,Maruti,2018,323199,20369,Petrol
567,Honda Jazz 1.2,Honda,2016,633999,58769,Petrol
568,Ford EcoSport Trend,Ford,2016,600000,52000,Diesel
569,Volkswagen Polo Highline,Volkswagen,2019,795000,15000,Petrol
570,Maruti Suzuki Vitara,Maruti,2019,1000000,70000,Diesel
571,Hyundai i20 Asta,Hyundai,2012,385000,52000,Petrol
572,Hyundai i20 Asta,Hyundai,2013,395000,32000,Petrol
573,Toyota Fortuner 3.0,Toyota,2015,1750000,155000,Diesel
574,Maruti Suzuki Swift,Maruti,2017,600000,50000,Petrol
575,Mahindra Verito Executive,Mahindra,2015,330000,120000,Diesel
576,Hyundai Creta 1.6,Hyundai,2017,875999,123920,Diesel
577,Hyundai EON -,Hyundai,2016,309399,17900,Petrol
578,Maruti Suzuki Baleno,Maruti,2017,658999,31041,Petrol
579,Maruti Suzuki Wagon,Maruti,2018,514099,61875,Petrol
580,Hyundai Elite i20,Hyundai,2016,672899,29210,Petrol
581,Mahindra TUV300 -,Mahindra,2016,620099,35826,Diesel
582,Ford Freestyle -,Ford,2019,733999,29364,Petrol
583,Renault Triber -,Renault,2021,664699,16304,Petrol
584,Maruti Suzuki Swift,Maruti,2015,454299,95731,Petrol
585,Maruti Suzuki Swift,Maruti,2010,357499,31011,Petrol
586,Maruti Suzuki Swift,Maruti,2014,447599,30601,Petrol
587,Maruti Suzuki S,Maruti,2019,422299,14568,Petrol
588,Toyota Etios V,Toyota,2012,449699,89559,Petrol
589,Hyundai Grand i10,Hyundai,2014,493499,48834,Petrol
590,Hyundai Elite i20,Hyundai,2014,605699,74190,Diesel
591,Ford EcoSport Titanium,Ford,2016,755099,43077,Petrol
592,Maruti Suzuki Swift,Maruti,2015,490000,58000,Petrol
593,Honda City 1.5,Honda,2011,450000,99000,Petrol
594,Tata Indigo CS,Tata,2009,160000,88500,Diesel
595,Chevrolet Beat LT,Chevrolet,2012,215000,85000,Diesel
596,Honda City ZX,Honda,2019,1150000,29000,Petrol
597,Maruti Suzuki Wagon,Maruti,2015,349000,65000,Petrol
598,MG Motors Hector,MG,2020,1401000,16000,Petrol
599,MG Motors Hector,MG,2020,1401000,16000,Petrol
600,Maruti Suzuki Eeco,Maruti,2018,432699,17981,Petrol
601,Maruti Suzuki Eeco,Maruti,2018,418599,20780,Petrol
602,Maruti Suzuki Alto,Maruti,2014,275799,56719,Petrol
603,Maruti Suzuki Wagon,Maruti,2015,456199,31108,Petrol
604,Honda City -,Honda,2016,728499,33611,Petrol
605,Maruti Suzuki Alto,Maruti,2019,431599,43700,Petrol
606,Maruti Suzuki Ignis,Maruti,2017,533099,49920,Petrol
607,Maruti Suzuki Swift,Maruti,2014,451399,57338,Petrol
608,Hyundai Venue S,Hyundai,2020,840699,23096,Petrol
609,Maruti Suzuki Swift,Maruti,2016,486499,48732,Petrol
610,Honda City -,Honda,2012,450199,67924,Petrol
611,Maruti Suzuki Wagon,Maruti,2014,418999,30418,Petrol
612,Honda City -,Honda,2014,621299,50593,Petrol
613,Hyundai i20 Active,Hyundai,2016,508399,136381,Petrol
614,Maruti Suzuki Celerio,Maruti,2015,390999,46943,Petrol
615,Maruti Suzuki Swift,Maruti,2017,675099,36277,Petrol
616,BMW X5 xDrive30d,BMW,2014,3600000,110000,Diesel
617,Kia Seltos HTX,Kia,2021,1501000,5600,Diesel
618,Maruti Suzuki Swift,Maruti,2019,825000,44000,Diesel
619,Maruti Suzuki Ertiga,Maruti,2019,1100000,40000,Petrol
620,Kia Seltos HTX,Kia,2021,1501000,5600,Diesel
621,Maruti Suzuki Wagon,Maruti,2007,130000,45000,Petrol
622,Toyota Etios GD,Toyota,2012,325000,150000,Diesel
623,Tata Indigo CS,Tata,2016,210000,90000,Diesel
624,Hyundai Xcent -,Hyundai,2015,464199,70359,Diesel
625,Hyundai EON Era,Hyundai,2017,343999,42205,Petrol
626,Nissan Micra -,Nissan,2015,441499,60539,Petrol
627,Maruti Suzuki Dzire,Maruti,2019,684999,16533,Petrol
628,Volkswagen Polo -,Volkswagen,2017,815399,26596,Petrol
629,Hyundai Grand i10,Hyundai,2016,468999,30912,Petrol
630,Hyundai Venue -,Hyundai,2019,1194799,17951,Diesel
631,Volkswagen Polo -,Volkswagen,2015,599899,36928,Petrol
632,Maruti Suzuki Dzire,Maruti,2018,710199,22854,Petrol
633,Hyundai i20 -,Hyundai,2014,474399,89156,Petrol
634,Maruti Suzuki Baleno,Maruti,2019,701399,41999,Petrol
635,Honda City -,Honda,2017,834599,66145,Petrol
636,Maruti Suzuki Alto,Maruti,2017,333699,29157,Petrol
637,Hyundai EON Era,Hyundai,2017,349799,33882,Petrol
638,Hyundai EON Era,Hyundai,2013,286199,29379,Petrol
639,Maruti Suzuki Alto,Maruti,2019,386699,17352,Petrol
640,Toyota Fortuner 3.0,Toyota,2011,1050000,195000,Diesel
641,Maruti Suzuki Swift,Maruti,2020,695000,16189,Petrol
642,Maruti Suzuki Swift,Maruti,2018,695000,41341,Diesel
643,Tata Tiago Revotorq,Tata,2019,550000,62000,Diesel
644,Maruti Suzuki Celerio,Maruti,2019, For Price,32000,Petrol
645,Hyundai Creta 1.6,Hyundai,2021,1300000,19000,Diesel
646,Maruti Suzuki Ritz,Maruti,2011,225000,56000,Petrol
647,Maruti Suzuki Wagon,Maruti,2010,250000,91000,Petrol
648,Renault Triber -,Renault,2019,659199,13486,Petrol
649,Hyundai Grand i10,Hyundai,2018,572599,33562,Petrol
650,Hyundai Verna -,Hyundai,2018,1171199,13691,Petrol
651,Hyundai Grand i10,Hyundai,2017,557199,31980,Petrol
652,Hyundai Grand i10,Hyundai,2016,531399,69526,Petrol
653,Maruti Suzuki Alto,Maruti,2016,426199,21492,Petrol
654,Maruti Suzuki Celerio,Maruti,2016,432999,47425,Petrol
655,Hyundai Grand i10,Hyundai,2016,458399,40988,Petrol
656,Jeep Compass -,Jeep,2018,1465199,51983,Diesel
657,Maruti Suzuki Vitara,Maruti,2018,783099,69376,Diesel
658,Maruti Suzuki Swift,Maruti,2017,562399,33094,Petrol
659,Tata Tiago -,Tata,2017,529199,26237,Petrol
660,Honda Brio -,Honda,2015,447199,42415,Petrol
661,Hyundai Creta -,Hyundai,2016,944099,112308,Diesel
662,Maruti Suzuki Celerio,Maruti,2017,452099,61427,Petrol
663,MG Motors Hector,MG,2019,1917599,10205,Diesel
664,Maruti Suzuki Alto,Maruti,2011,179000,67000,Petrol
665,Toyota Innova 2.5,Toyota,2010,775000,160000,Diesel
666,Maruti Suzuki Ertiga,Maruti,2013,425000,53000,Diesel
667,Maruti Suzuki Swift,Maruti,2017,550000,59888,Petrol
668,Maruti Suzuki Ciaz,Maruti,2018,795000,58492,Petrol
669,Honda City 1.5,Honda,2011,350888,45000,Petrol
670,Maruti Suzuki Swift,Maruti,2012,275000,48000,Diesel
671,Tata Nexon XZ,Tata,2018,890000,34000,Petrol
672,Maruti Suzuki Swift,Maruti,2017,580599,75691,Diesel
673,Maruti Suzuki Alto,Maruti,2013,223299,84301,Petrol
674,Tata Tiago -,Tata,2019,600399,38346,Petrol
675,Maruti Suzuki Alto,Maruti,2017,367399,41530,Petrol
676,Ford Ecosport -,Ford,2017,704099,23049,Petrol
677,Maruti Suzuki Wagon,Maruti,2016,377899,74510,Petrol
678,Maruti Suzuki Wagon,Maruti,2016,458699,20141,Petrol
679,Ford Ecosport -,Ford,2015,566199,85860,Petrol
680,Maruti Suzuki Swift,Maruti,2017,594599,63133,Diesel
681,Maruti Suzuki Dzire,Maruti,2018,678699,71894,Petrol
682,Renault Duster -,Renault,2017,883099,95627,Diesel
683,Ford Ecosport -,Ford,2014,578099,75324,Diesel
684,Maruti Suzuki Alto,Maruti,2015,305899,64611,Petrol
685,Maruti Suzuki Celerio,Maruti,2016,457399,77128,Petrol
686,Maruti Suzuki Alto,Maruti,2016,316799,36306,Petrol
687,Hyundai i20 Asta,Hyundai,2011,399999,83803,Petrol
688,Mahindra XUV 500,Mahindra,2018,1100000,44000,Diesel
689,Mahindra KUV100 K4,Mahindra,2018,325000,108000,Diesel
690,Hyundai i20 Era,Hyundai,2018,550000,55000,Diesel
691,Honda City 1.5,Honda,2020,990888,700,Petrol
692,Mahindra Jeep CL,Mahindra,2020,480000,25,Diesel
693,Maruti Suzuki Gypsy,Maruti,2018,500000,258,Petrol
694,Maruti Suzuki Swift,Maruti,2011,390000,81152,Diesel
695,Toyota Fortuner 3.0,Toyota,2015,1750000,155000,Diesel
696,Hyundai i20 Asta,Hyundai,2011,399999,83803,Petrol
697,Hyundai Creta 1.6,Hyundai,2017,841499,75398,Petrol
698,Honda City ZX,Honda,2017,1016899,42317,Petrol
699,Maruti Suzuki Swift,Maruti,2018,748599,60214,Diesel
700,Maruti Suzuki Swift,Maruti,2017,622099,58861,Diesel
701,Volkswagen Polo -,Volkswagen,2016,530699,27995,Petrol
702,Maruti Suzuki Celerio,Maruti,2017,471899,61018,Petrol
703,Maruti Suzuki Swift,Maruti,2015,505399,67109,Petrol
704,Maruti Suzuki Wagon,Maruti,2017,460299,81811,Petrol
705,Hyundai Verna 1.6,Hyundai,2017,683999,27357,Petrol
706,Volkswagen Polo HIGHLINE1.2L,Volkswagen,2018,639699,53293,Petrol
707,Maruti Suzuki Celerio,Maruti,2017,510499,45260,Petrol
708,Hyundai Venue -,Hyundai,2019,1185499,3139,Petrol
709,Maruti Suzuki Celerio,Maruti,2017,471899,44690,Petrol
710,Hyundai Santro ASTA,Hyundai,2019,579899,13858,Petrol
711,Maruti Suzuki Alto,Maruti,2017,333699,25256,Petrol
712,Hyundai i20 Magna,Hyundai,2012,385000,94000,Diesel
713,Maruti Suzuki Ciaz,Maruti,2016,590000,44100, Hybrid 
714,Honda Amaze 1.2,Honda,2016,375888,47000,Petrol
715,Hyundai Santa Fe,Hyundai,2012,775000,126000,Diesel
716,Mahindra XUV 500,Mahindra,2015,778888,46000,Diesel
717,Audi Q5 2.0,Audi,2014,1850000,75000,Diesel
718,Mercedes Benz GLE,Mercedes,2019,7500000,35000,Petrol
719,Volvo XC60 D3,Volvo,2012,1750000,86000,Diesel
720,Volkswagen Polo COMFORTLINE,Volkswagen,2017,582899,15227,Petrol
721,Volkswagen Polo -,Volkswagen,2014,414099,87375,Diesel
722,Maruti Suzuki Eeco,Maruti,2020,516599,7679,Petrol
723,Maruti Suzuki Alto,Maruti,2016,366299,48378,Petrol
724,Maruti Suzuki Wagon,Maruti,2014,375899,54645,Petrol
725,Maruti Suzuki Eeco,Maruti,2019,493899,7211,Petrol
726,Datsun Redi GO,Datsun,2017,311399,37217,Petrol
727,Maruti Suzuki Eeco,Maruti,2019,493899,32372,Petrol
728,Maruti Suzuki Wagon,Maruti,2018,501999,37947,Petrol
729,Hyundai Grand i10,Hyundai,2014,409399,51886,Petrol
730,Toyota Innova Crysta,Toyota,2018,1737899,43187,Diesel
731,Hyundai i20 Active,Hyundai,2015,583999,33616,Diesel
732,Volkswagen Vento -,Volkswagen,2015,654299,91087,Diesel
733,Ford Ecosport -,Ford,2018,986699,26372,Petrol
734,Maruti Suzuki Celerio,Maruti,2014,414199,58762,Petrol
735,Hyundai Elite i20,Hyundai,2016,588099,101920,Diesel
736,Maruti Suzuki Swift,Maruti,2014,490000,44000,Petrol
737,Mahindra Scorpio 2.6,Mahindra,2007,225000,85000,Diesel
738,Maruti Suzuki Vitara,Maruti,2017,775000,64000,Diesel
739,Kia Sonet -,Kia,2021,1050000,13000,Diesel
740,Honda Amaze 1.5,Honda,2015,425000,76000,Diesel
741,Maruti Suzuki Alto,Maruti,2015,275000,45000,Petrol
742,Tata Nexon XZ,Tata,2019,875000,63088,Diesel
743,Maruti Suzuki Alto,Maruti,2013,250000,54123,Petrol
744,Hyundai i20 Active,Hyundai,2015,567399,35140,Petrol
745,Maruti Suzuki Ciaz,Maruti,2018,805099,50842,Diesel
746,Honda Amaze -,Honda,2015,492199,43412,Petrol
747,Honda Jazz -,Honda,2016,495799,46201,Petrol
748,Maruti Suzuki S,Maruti,2017,1113599,63626,Diesel
749,Maruti Suzuki Alto,Maruti,2016,299999,18251,Petrol
750,Maruti Suzuki Baleno,Maruti,2016,592099,41019,Petrol
751,Renault Kwid RXT,Renault,2015,322299,46463,Petrol
752,Renault Kwid -,Renault,2017,481999,20110,Petrol
753,Hyundai Grand i10,Hyundai,2016,534599,17364,Petrol
754,MG Motors Hector,MG,2020,1681899,6760,Petrol
755,Maruti Suzuki Celerio,Maruti,2016,429599,35109,Petrol
756,Honda Amaze -,Honda,2018,723799,44266,Petrol
757,Volkswagen Polo -,Volkswagen,2017,563299,39156,Petrol
758,Maruti Suzuki Alto,Maruti,2011,214199,57993,Petrol
759,Maruti Suzuki Alto,Maruti,2015,319399,51573,Petrol
760,Fiat Punto Emotion,Fiat,2011,180000,88000,Petrol
761,Hyundai i20 Sportz,Hyundai,2014,415000,67000,Petrol
762,Maruti Suzuki Swift,Maruti,2011,350000,73000,Diesel
763,Hyundai Elite i20,Hyundai,2015,430000,39000,Petrol
764,Mahindra XUV 500,Mahindra,2012,450000,87500,Diesel
765,Honda Accord 2.4,Honda,2006,325000,86000,Petrol
766,Hyundai Grand i10,Hyundai,2017,565000,19900,Petrol
767,Nissan Terrano XV,Nissan,2013,880000,22000,Diesel
768,Maruti Suzuki Vitara,Maruti,2016,810399,78329,Diesel
769,Maruti Suzuki Ertiga,Maruti,2016,788999,61977,Diesel
770,Mahindra KUV100 K6,Mahindra,2016,508799,58640,Diesel
771,Renault Kwid -,Renault,2018,457099,40650,Petrol
772,Volkswagen Polo -,Volkswagen,2019,612899,19121,Petrol
773,Ford Ecosport -,Ford,2016,684099,85893,Diesel
774,Renault Triber -,Renault,2019,716699,9874,Petrol
775,Hyundai Grand i10,Hyundai,2016,501599,25202,Petrol
776,Hyundai Grand i10,Hyundai,2016,509699,95999,Petrol
777,Maruti Suzuki Alto,Maruti,2014,337799,49074,Petrol
778,Hyundai Verna 1.6,Hyundai,2017,852399,52439,Petrol
779,Mahindra XUV 500,Mahindra,2020,1784699,10813,Diesel
780,Hyundai Creta -,Hyundai,2016,778199,127971,Petrol
781,Maruti Suzuki Swift,Maruti,2018,705099,114108,Diesel
782,Hyundai Grand i10,Hyundai,2017,557599,52030,Diesel
783,Mahindra XUV 500,Mahindra,2018,1518099,44721,Diesel
784,Mahindra Marazzo M6,Mahindra,2018,1190000,50000,Diesel
785,Skoda Laura Ambition,Skoda,2011,590000,95000,Diesel
786,Tata Harrier XZ,Tata,2020,1980000,17000,Diesel
787,Mahindra XUV 500,Mahindra,2018,1350000,52500,Diesel
788,BMW 5 Series,BMW,2010,1059000,49000,Petrol
789,Maruti Suzuki Alto,Maruti,2011,185000,55000,Petrol
790,Mahindra Scorpio 2.6,Mahindra,2014,710000,81500,Diesel
791,Mercedes Benz E,Mercedes,2013,1948888,10000,Diesel
792,Tata Harrier -,Tata,2020,2272499,22667,Diesel
793,Honda City -,Honda,2014,626199,68519,Petrol
794,Tata Nano -,Tata,2015,236099,64011,Petrol
795,Maruti Suzuki Alto,Maruti,2021,430499,13598,Petrol
796,Maruti Suzuki Wagon,Maruti,2014,442799,47037,Petrol
797,Hyundai Creta -,Hyundai,2018,1373699,69711,Petrol
798,Hyundai Elite i20,Hyundai,2015,589299,49189,Petrol
799,Maruti Suzuki Alto,Maruti,2016,298199,18368,Petrol
800,Tata Harrier -,Tata,2020,1508799,16874,Diesel
801,Maruti Suzuki Eeco,Maruti,2019,473699,24484,Petrol
802,Maruti Suzuki Baleno,Maruti,2019,656299,20688,Petrol
803,Maruti Suzuki Alto,Maruti,2016,345799,24065,Petrol
804,Hyundai Grand i10,Hyundai,2018,584599,22609,Petrol
805,Skoda Rapid -,Skoda,2017,786799,56523,Diesel
806,Hyundai Elite i20,Hyundai,2018,624799,48031,Petrol
807,Hyundai Grand i10,Hyundai,2016,472399,45578,Petrol
808,Hyundai Fluidic Verna,Hyundai,2012,408888,70070,Diesel
809,Hyundai i10 Magna,Hyundai,2015,288888,28000,Petrol
810,Chevrolet Sail 1.2,Chevrolet,2013,198888,30030,Diesel
811,Ford Endeavor 4X4,Ford,2011,898888,25000,Diesel
812,BMW 3 Series,BMW,2013,1148888,8000,Diesel
813,Chevrolet Spark -,Chevrolet,2010,79000,53000,Petrol
814,Honda City -,Honda,2007,97000,68000,Petrol
815,Hyundai Santro GLS,Hyundai,2007,135000,58000,Petrol
816,Hyundai Elite i20,Hyundai,2016,687199,28648,Petrol
817,Hyundai i10 Magna,Hyundai,2015,387099,59819,Petrol
818,Maruti Suzuki Baleno,Maruti,2018,650599,19574,Petrol
819,Tata Hexa -,Tata,2019,1705799,46337,Diesel
820,Volkswagen Polo -,Volkswagen,2015,526899,73563,Petrol
821,Honda Jazz -,Honda,2016,612799,51428,Petrol
822,Maruti Suzuki Alto,Maruti,2016,269099,95754,Petrol
823,Tata Hexa -,Tata,2019,1952199,34533,Diesel
824,Maruti Suzuki Baleno,Maruti,2016,646299,50154,Petrol
825,Maruti Suzuki Celerio,Maruti,2016,425899,23492,Petrol
826,Maruti Suzuki Celerio,Maruti,2017,496399,37739,Petrol
827,Maruti Suzuki Celerio,Maruti,2015,393799,46178,Petrol
828,Maruti Suzuki Baleno,Maruti,2017,619599,42893,Petrol
829,Maruti Suzuki Alto,Maruti,2019,423599,57875,Petrol
830,Hyundai Venue -,Hyundai,2020,831999,4832,Petrol
831,Renault Triber -,Renault,2019,695099,27805,Petrol
832,Hyundai Xcent S,Hyundai,2014,390000,71000,Diesel
833,Toyota Fortuner 3.0,Toyota,2013,1350000,140000,Diesel
834,Toyota Innova 2.5,Toyota,2014,1350000,70000,Diesel
835,Honda City ZX,Honda,2008,250000,75000,Petrol
836,Maruti Suzuki Alto,Maruti,2009,145000,57000,Petrol
837,Maruti Suzuki Vitara,Maruti,2018,980000,57000,Diesel
838,Hyundai Creta 1.4,Hyundai,2018,980000,91000,Diesel
839,Hyundai i10 Sportz,Hyundai,2009,195000,86000,Petrol
840,Maruti Suzuki Alto,Maruti,2013,261499,68844,Petrol
841,Honda Jazz -,Honda,2017,649699,37070,Petrol
842,Hyundai Grand i10,Hyundai,2017,494099,20393,Petrol
843,Maruti Suzuki Alto,Maruti,2017,313399,22244,Petrol
844,Toyota Fortuner -,Toyota,2016,2122099,47024,Diesel
845,Hyundai Elite i20,Hyundai,2015,552799,64707,Petrol
846,Ford Ecosport -,Ford,2013,490099,52149,Petrol
847,Hyundai Grand i10,Hyundai,2017,638599,11203,Petrol
848,Maruti Suzuki Alto,Maruti,2015,374799,18071,Petrol
849,Hyundai Elite i20,Hyundai,2016,517499,81412,Petrol
850,Maruti Suzuki Swift,Maruti,2016,553899,41912,Petrol
851,Maruti Suzuki Swift,Maruti,2016,579199,32516,Petrol
852,Hyundai Grand i10,Hyundai,2015,531999,41552,Petrol
853,Hyundai Grand i10,Hyundai,2018,496199,21790,Petrol
854,Maruti Suzuki Baleno,Maruti,2019,659099,34010,Petrol
855,Hyundai Elite i20,Hyundai,2016,534799,50050,Petrol
856,Maruti Suzuki Ertiga,Maruti,2019,950000,2000,Petrol
857,Maruti Suzuki Swift,Maruti,2010,265000,71000,Petrol
858,Hyundai i20 Asta,Hyundai,2015,650000,52000,Diesel
859,Maruti Suzuki Swift,Maruti,2018,650000,35000,Petrol
860,Renault Kwid RXT,Renault,2016,290000,41000,Petrol
861,Tata Indigo LX,Tata,2003,74999,125000,Diesel
862,Maruti Suzuki Alto,Maruti,2006,155000,85000,Petrol
863,Chevrolet Optra -,Chevrolet,2005,69000,85000,Petrol
864,Hyundai Grand i10,Hyundai,2018,496199,21790,Petrol
865,Maruti Suzuki Wagon,Maruti,2011,298599,75822,Petrol
866,Tata Tiago -,Tata,2016,490199,28589,Petrol
867,Renault Kwid -,Renault,2017,422999,15883,Petrol
868,Hyundai Elite i20,Hyundai,2016,656399,63648,Petrol
869,Maruti Suzuki Vitara,Maruti,2016,688599,156931,Diesel
870,Maruti Suzuki XL6,Maruti,2019,1113299,13829,Petrol
871,Maruti Suzuki Baleno,Maruti,2016,608399,28361,Petrol
872,Hyundai Grand i10,Hyundai,2017,587399,77960,Petrol
873,Maruti Suzuki Celerio,Maruti,2015,449699,33473,Petrol
874,Maruti Suzuki Eeco,Maruti,2019,464899,29052,Petrol
875,Maruti Suzuki Alto,Maruti,2017,302699,68041,Petrol
876,Maruti Suzuki Baleno,Maruti,2015,583299,61361,Petrol
877,Honda BRV -,Honda,2018,877999,32218,Petrol
878,Hyundai i10 Magna,Hyundai,2016,398499,28579,Petrol
879,Hyundai Grand i10,Hyundai,2017,529399,51343,Petrol
880,Chevrolet Optra -,Chevrolet,2005,69000,85000,Petrol
881,Honda City 1.5,Honda,2016,700000,86868,Petrol
882,Hyundai Accent -,Hyundai,2002,79000,85000,Petrol
883,Maruti Suzuki Swift,Maruti,2012,390000,77000,Petrol
884,Honda City V,Honda,2017,950000,35500,Petrol
885,Toyota Glanza G,Toyota,2019,725000,19942,Petrol
886,Hyundai i20 Sportz,Hyundai,2012,439000,16000,Petrol
887,Honda City ZX,Honda,2018,1069999,54000, CNG 
888,Renault Kwid RxL,Renault,2019,422299,17357,Petrol
889,Ford Figo Aspire,Ford,2017,589999,14517,Petrol
890,Maruti Suzuki Baleno,Maruti,2017,661299,13517,Petrol
891,Maruti Suzuki Wagon,Maruti,2017,429099,42302,Petrol
892,Maruti Suzuki Celerio,Maruti,2015,389399,65783,Petrol
893,Renault Lodgy -,Renault,2015,629799,138716,Diesel
894,Hyundai i10 Sportz,Hyundai,2013,397299,43339,Petrol
895,Maruti Suzuki Ignis,Maruti,2018,546399,19526,Petrol
896,Maruti Suzuki Alto,Maruti,2016,412999,25673,Petrol
897,Maruti Suzuki Celerio,Maruti,2016,402799,93304,Petrol
898,Hyundai Creta -,Hyundai,2019,915699,94409,Diesel
899,Maruti Suzuki Celerio,Maruti,2014,361499,66799,Petrol
900,Hyundai EON -,Hyundai,2016,357899,27339,Petrol
901,Renault Kwid -,Renault,2018,475399,9095,Petrol
902,Maruti Suzuki Eeco,Maruti,2019,485299,21934,Petrol
903,Maruti Suzuki Baleno,Maruti,2016,643599,51706,Petrol
904,Honda City ZX,Honda,2018,1069999,54000, CNG 
905,Honda City ZX,Honda,2018,1069999,54000, CNG 
906,Honda City ZX,Honda,2018,1069999,54000, CNG 
907,Hyundai i20 Asta,Hyundai,2009,255000,90000,Petrol
908,Tata Hexa -,Tata,2019,1500000,85000,Diesel
909,Mahindra XUV 500,Mahindra,2014,650000,89000,Diesel
910,Hyundai Santro Xing,Hyundai,2010,175000,45000,Petrol
911,Honda WRV VX,Honda,2018,735000,34000,Petrol
912,Maruti Suzuki Wagon,Maruti,2018,438199,31281,Petrol
913,Honda City -,Honda,2019,924599,46312,Petrol
914,Hyundai Elite i20,Hyundai,2018,664099,32989,Petrol
915,Renault Kwid -,Renault,2018,462299,50599,Petrol
916,Honda Brio -,Honda,2016,438499,26127,Petrol
917,Maruti Suzuki Vitara,Maruti,2016,680999,58118,Diesel
918,Maruti Suzuki Alto,Maruti,2019,393199,23534,Petrol
919,Maruti Suzuki Baleno,Maruti,2018,646799,58978,Petrol
920,Maruti Suzuki Wagon,Maruti,2014,349999,33103,Petrol
921,Maruti Suzuki Eeco,Maruti,2018,419599,14600,Petrol
922,Maruti Suzuki Baleno,Maruti,2016,585099,26049,Petrol
923,Ford Freestyle -,Ford,2018,627799,33895,Diesel
924,Volkswagen Polo -,Volkswagen,2017,520799,32893,Petrol
925,Maruti Suzuki Swift,Maruti,2013,410199,61717,Petrol
926,Maruti Suzuki Wagon,Maruti,2017,404399,82334,Petrol
927,Hyundai Verna -,Hyundai,2017,682799,87381,Petrol
928,Land Rover Range,Land,2017,4490000,51000,Diesel
929,Honda City ZX,Honda,2008,150000,85000,Petrol
930,Porsche Cayenne Select,Porsche,2011,3300000,38000, Electric 
931,Toyota Innova 2.5,Toyota,2013,1175000,210000,Diesel
932,Maruti Suzuki Ciaz,Maruti,2019,975000,24200,Petrol
933,MG Motors Hector,MG,2021,2000000,28000,Diesel
934,Mahindra Bolero SLE,Mahindra,2015, For Price,62000,Petrol
935,Mahindra Bolero ZLX,Mahindra,2012,535000,135000,Diesel
936,Ford Ecosport -,Ford,2019,1045799,34642,Petrol
937,Maruti Suzuki Swift,Maruti,2013,410199,154104,Petrol
938,Maruti Suzuki Alto,Maruti,2016,297299,61826,Petrol
939,Tata Nexon -,Tata,2018,980199,44751,Diesel
940,Honda Jazz -,Honda,2019,794299,5183,Petrol
941,Maruti Suzuki Swift,Maruti,2012,411899,136082,Diesel
942,Maruti Suzuki Celerio,Maruti,2019,557399,5817,Petrol
943,Hyundai Creta -,Hyundai,2015,896099,99138,Diesel
944,Honda Jazz -,Honda,2016,637699,27936,Petrol
945,Maruti Suzuki Alto,Maruti,2014,254499,39845,Petrol
946,Maruti Suzuki Eeco,Maruti,2019,457699,15615,Petrol
947,Honda Brio -,Honda,2012,361599,53158,Petrol
948,Maruti Suzuki Baleno,Maruti,2019,675799,16002,Petrol
949,Maruti Suzuki Wagon,Maruti,2015,389499,31133,Petrol
950,Maruti Suzuki Baleno,Maruti,2016,625599,20172,Petrol
951,Volkswagen Polo -,Volkswagen,2013,686999,69653,Petrol
952,Maruti Suzuki Celerio,Maruti,2015,425000,75000,Petrol
953,Renault Pulse RxL,Renault,2012,350000,132000,Diesel
954,Skoda Rapid 1.5,Skoda,2014,560000,84000,Diesel
955,Maruti Suzuki SX4,Maruti,2007,250000,147000,Petrol
956,Hyundai Santro GLS,Hyundai,2008,90000,61000,Petrol
957,Hyundai i10 Era,Hyundai,2012,200000,56000,Petrol
958,Mahindra KUV100 K4,Mahindra,2018,325000,108000,Diesel
959,Hyundai i20 Era,Hyundai,2018,620000,55000,Diesel
960,Volkswagen Ameo Comfortline,Volkswagen,2017,519699,26023,Petrol
961,Maruti Suzuki Alto,Maruti,2018,324599,19805,Petrol
962,Maruti Suzuki Alto,Maruti,2017,340199,41365,Petrol
963,Ford Ecosport -,Ford,2017,693999,90001,Diesel
964,Hyundai EON Era,Hyundai,2016,310999,45285,Petrol
965,Maruti Suzuki Ciaz,Maruti,2016,722199,42441,Petrol
966,Maruti Suzuki Celerio,Maruti,2016,485099,24342,Petrol
967,Maruti Suzuki Dzire,Maruti,2017,614999,14308,Petrol
968,Maruti Suzuki Vitara,Maruti,2018,1061399,32456,Diesel
969,Maruti Suzuki S,Maruti,2018,879699,58448,Diesel
970,Maruti Suzuki Ertiga,Maruti,2016,755199,86576,Diesel
971,Ford Ecosport -,Ford,2018,816399,50421,Petrol
972,Maruti Suzuki Eeco,Maruti,2017,414299,26035,Petrol
973,Tata Tiago -,Tata,2018,476299,23499,Petrol
974,Maruti Suzuki Baleno,Maruti,2016,572599,25636,Petrol
975,Kia Seltos -,Kia,2019,1644799,15023,Petrol
976,Mahindra Jeep CL550,Mahindra,2020,440000,250,Diesel
977,Volkswagen Vento Highline,Volkswagen,2015,575000,66000,Petrol
978,Toyota Innova 2.5,Toyota,2015,880000,85000,Diesel
979,Kia Carnival -,Kia,2020,1500000,50000,Diesel
980,Hyundai Creta -,Hyundai,2021,1000000,12000,Petrol
981,Chevrolet Beat -,Chevrolet,2011,86000,56000,Petrol
982,Maruti Suzuki Wagon,Maruti,2010,89000,53000,Petrol
983,Tata Nano CNG,Tata,2014,90000,28000,Petrol
984,Maruti Suzuki Alto,Maruti,2015,352199,22584,Petrol
985,Maruti Suzuki Baleno,Maruti,2017,566899,22394,Petrol
986,Maruti Suzuki Dzire,Maruti,2017,650699,93563,Diesel
987,Maruti Suzuki Eeco,Maruti,2017,413399,10537,Petrol
988,Ford Ecosport -,Ford,2016,645799,81515,Diesel
989,Jeep Compass -,Jeep,2017,1551499,24676,Diesel
990,Maruti Suzuki Alto,Maruti,2017,333699,11917,Petrol
991,Maruti Suzuki Ertiga,Maruti,2016,811799,69654,Diesel
992,Maruti Suzuki Alto,Maruti,2017,406899,16226,Petrol
993,Ford Ecosport -,Ford,2018,727299,8925,Petrol
994,Honda Jazz -,Honda,2016,657399,27819,Petrol
995,Hyundai Grand i10,Hyundai,2020,637599,26543,Petrol
996,Maruti Suzuki Dzire,Maruti,2017,623799,90088,Petrol
997,Maruti Suzuki Eeco,Maruti,2018,422899,34258,Petrol
998,Hyundai i20 Active,Hyundai,2015,576099,101744,Petrol
999,Jeep Compass -,Jeep,2019,1987699,19830,Petrol
1000,Ford Ikon -,Ford,2007,39000,73000,Petrol
1001,Hyundai Grand i10,Hyundai,2019,475000,38000,Diesel
1002,Mahindra XUV 500,Mahindra,2012,450000,87500,Diesel
1003,Maruti Suzuki Ertiga,Maruti,2014,650000,91000,Diesel
1004,Maruti Suzuki Ritz,Maruti,2012,326000,76000,Diesel
1005,Tata Indica Vista,Tata,2011,170000,80000,Diesel
1006,Maruti Suzuki Eeco,Maruti,2013,250000,70000, CNG
1007,Maruti Suzuki Alto,Maruti,2007,88000,85000,Petrol
1008,MG Motors Hector,MG,2019,1652199,13636,Petrol
1009,Hyundai Venue -,Hyundai,2019,1217499,21393,Petrol
1010,Hyundai Creta -,Hyundai,2017,1198299,76915,Diesel
1011,Hyundai Grand i10,Hyundai,2018,590799,16300,Petrol
1012,Hyundai Elite i20,Hyundai,2019,844999,40106,Diesel
1013,Renault Kwid RXT,Renault,2015,328499,66461,Petrol
1014,Hyundai Creta -,Hyundai,2016,769599,48182,Petrol
1015,Hyundai Elite i20,Hyundai,2017,654299,41816,Petrol
1016,Hyundai i20 -,Hyundai,2012,395699,73841,Petrol
1017,Renault Kwid RxL,Renault,2016,294799,19908,Petrol
1018,Hyundai Elite i20,Hyundai,2018,534499,26226,Petrol
1019,Maruti Suzuki Baleno,Maruti,2016,681399,43287,Petrol
1020,Datsun Redi GO,Datsun,2018,415699,26527,Petrol
1021,Maruti Suzuki Alto,Maruti,2017,300199,37801,Petrol
1022,Maruti Suzuki Vitara,Maruti,2017,856699,54044,Diesel
1023,Ford Figo Aspire,Ford,2017,481399,29632,Petrol
1024,Mahindra Xylo D2,Mahindra,2009,375000,115000,Diesel
1025,Maruti Suzuki Eeco,Maruti,2020,525000,13000,Petrol
1026,Maruti Suzuki Swift,Maruti,2018,550000,42000,Diesel
1027,Hyundai i10 Magna,Hyundai,2014,229000,65000,Petrol
1028,Maruti Suzuki Alto,Maruti,2014,275000,60000,Petrol
1029,Jeep Compass Limited,Jeep,2017,1750000,31000,Diesel
1030,Jeep Compass Limited,Jeep,2017,1750000,31000,Diesel
1031,Jeep Compass Limited,Jeep,2017,1750000,31000,Diesel
